create database student;
select database();
use student;
select database();
create table virgin_table(name varchar(20),age int,college varchar(30));
desc virgin_table;
insert into virgin_table values('nisha',20,'psnacet');
insert into virgin_table values('shree',22,'ssmiet');
insert into virgin_table values('nandy',23,'psnacet');
select * from virgin_table;
create table britto(name varchar(20),age int,college varchar(30));
desc britto;
insert into britto values('nisha',20,'psnacet');
insert into britto values('shree',22,'ssmiet');
insert into britto values('nandy',23,'psnacet');
select * from britto;
create database employee;
select database();
use employee;
select database();
create table virgin(name varchar(20),age int,college varchar(30));
desc virgin;
insert into virgin values('nisha',20,'psnacet');
insert into virgin values('shree',22,'ssmiet');
insert into virgin values('nandy',23,'psnacet');
select * from virgin;
create table fathima(name varchar(20),age int,college varchar(30));
desc fathima;
insert into fathima values('nisha',20,'psnacet');
insert into fathima values('shree',22,'ssmiet');
insert into fathima values('nandy',23,'psnacet');
select * from fathima;
create database production;
select database();
use production;
select database();
create table sankavi(name varchar(20),age int,college varchar(30));
desc sankavi;
insert into sankavi values('nisha',20,'psnacet');
insert into sankavi values('shree',22,'ssmiet');
insert into sankavi values('nandy',23,'psnacet');
select * from sankavi;
create table cerena(name varchar(20),age int,college varchar(30));
desc cerena;
insert into cerena values('nisha',20,'psnacet');
insert into cerena values('shree',22,'ssmiet');
insert into cerena values('nandy',23,'psnacet');
select * from cerena;
drop table britto where database=;


